{"cameraMode":{"drawMode":0,"name":"Shaded","section":"Shading Mode"},"sceneLighting":false,"audioPlay":false,"sceneViewState":{"m_AlwaysRefresh":false,"showFog":true,"showSkybox":false,"showFlares":true,"showImageEffects":true,"showParticleSystems":true,"showVisualEffectGraphs":true,"m_FxEnabled":true},"in2DMode":false,"pivot":{"x":-0.0557718351483345,"y":0.14197611808776856,"z":-0.02749532461166382},"rotation":{"x":-0.09003985673189163,"y":-0.900780975818634,"z":0.22534355521202088,"w":-0.36021432280540469},"size":1.909574270248413,"orthographic":false}